Metric,Non-calibrated Best Model,Calibrated Best Model,p-value,Significance
Brier Score,0.14221256514186448,0.01176462400708479,0.0,Significant
Log Loss,0.44018513725301045,0.05720312772043175,0.0,Significant
ROC AUC,0.8587338804220398,0.8367386814045665,4.2275494712763366e-57,Significant
