,model_name,test_accuracy,test_roc_auc,test_ppv,test_npv,test_sensitivity,test_specificity,train_accuracy,train_roc_auc,train_ppv,train_npv,train_sensitivity,train_specificity,auc_diff
0,RF,0.8106543138390272,0.8587338804220398,0.047337278106508875,0.9964002879769619,0.7619047619047619,0.8112543962485346,0.8,0.8831249999999999,0.7941176470588235,0.8061224489795918,0.81,0.79,0.02439111957796014
1,XGBoost,0.7955993051534452,0.8441076313292022,0.04143646408839779,0.9956043956043956,0.7142857142857143,0.7966002344665886,0.775,0.86365,0.7594339622641509,0.7925531914893617,0.805,0.745,0.01954236867079784
2,DT,0.6936884771279676,0.6568274437559315,0.024344569288389514,0.9932942162615256,0.6190476190476191,0.6946072684642438,0.71,0.71,0.7164948453608248,0.7038834951456311,0.695,0.725,0.05317255624406847
3,GBM,0.7707006369426752,0.8206609724780886,0.034739454094292806,0.9947129909365559,0.6666666666666666,0.7719812426729191,0.79,0.859325,0.7761904761904762,0.8052631578947368,0.815,0.765,0.03866402752191145
4,SVC,0.76664736537348,0.8226985987830068,0.03414634146341464,0.9946848899012908,0.6666666666666666,0.7678780773739742,0.785,0.8493,0.7638888888888888,0.8097826086956522,0.825,0.745,0.02660140121699328
5,KNN,0.7127967573827446,0.7614023335008095,0.0297029702970297,0.9950900163666121,0.7142857142857143,0.712778429073857,0.745,0.811975,0.7168141592920354,0.7816091954022989,0.81,0.68,0.050572666499190455
